Shadertoy ID,Shader Autor,Shader Name,Category,Fuse Name,Ported by,Issue
"ltsXDB","metabog","BumpyReflectingBalls","Abstract","BumpyReflectingBalls","JiPi",""
"MtKSWW","nimitz","Dynamism","Abstract","Dynamism","JiPi",""
"ldGcDh","duvengar","Favela","Abstract","Favela","nmbr73",""
"tsK3Rd","morgan3d","Flight Through A Nebula V3","Abstract","FlightThroughANebula","JiPi",""
"XtySRc","Darksecond","voronoi solid with borders","Abstract","Mosaic","JiPi",""
"4sGBD1","flimshaw","Noisecube","Abstract","Noisecube","JiPi",""
"Ns2XzR","byt3_m3chanic","Shader 012 4.29.21","Abstract","OtherWorlds","JiPi",""
"NdlSD8","Chaotnix","Overstimulated Neurons","Abstract","OverstimulatedNeurons","JiPi",""
"XdsGD4","fizzer","Rainbow Slices","Abstract","RainbowSlices","nmbr73",""
"lsjGRV","mattz","rainbow spaghetti","Abstract","RainbowSpaghetti","nmbr73",""
"3tdSW8","supastav","raysemigarbage#3 but hilly","Abstract","Raysemigarbage","JiPi",""
"3fSSW1","pb","virus attack","Abstract","VirusAttack","JiPi","Windows only"
"ldXGzN","huttarl","Audio heightfield 1","Audio","AudioHeightfield1","JiPi","Windows only"
"wd3Bzl","oneshade","Audio Waveform Visualizer v3","Audio","AudioWaveformVisualizer","JiPi","Windows only"
"cs2GWD","0b5vr"," 20221105_inercia intended one","Audio","InerciaIntended","JiPi","Windows only"
"XdsyW4","Passion","Jam Session","Audio","JamSession","JiPi","Windows only"
"Ml3GDX","glk7","Reactive Voronoi","Audio","ReactiveVoronoi","JiPi","Windows only"
"llXyzN","clintolibre","RLStyle Visualizer","Audio","Rlstyle","JiPi","Windows only"
"MtVfWh","saidwho12","Shadertoy audio display","Audio","ShadertoyAudioDisplay","JiPi","Windows only"
"MlyXWV","fwilliams","FunWithMetaballs","Blob","FunWithMetaballs","JiPi",""
"43yfWR","astrolorant","Particle life with raymarching","Blob","ParticleLifeWithRaymarching","JiPi","Windows only"
"MlKGDK","roywig","TorturedBlob","Blob","TorturedBlob","JiPi",""
"XtByWW","Aeless","XRaymarching","Blob","XRaymarching","JiPi",""
"wtd3D4"," TekF","Christmas Tree Star","Christmas","ChristmasTreeStar","JiPi","Windows only"
"MdlGWn","w23","balls are touching","Cubemap","BallsAreTouching","JiPi",""
"XdVSRV","TambakoJaguar","Glass and Bubble","Cubemap","GlassAndBubble","JiPi",""
"sttXWX","tsaari42","KISS Tracing 001: Spheres&Plane","Cubemap","KissTracing","JiPi","Windows only"
"7sXyzX","leesten","Newton Pendulum","Cubemap","NewtonPendulum","JiPi",""
"NdS3zK","alro","OCEAN ELEMENTAL","Cubemap","OceanElemental","JiPi","Windows only"
"MdfSRs","EvilRyu","Cellphone","Displays","Cellphone","JiPi","Windows only"
"lssGzn","P_Malin","Coffee and Tablet","Displays","CoffeeAndTablet","JiPi","Windows only"
"ldVyDG","jvb","Telephone","Displays","Telephone","JiPi","Windows only"
"XdtfzX","sprash","vt220CodingAtNight","Displays","Vt220Codingatnight","JiPi","Windows only"
"MtBfR3","Coolok","DisplacementShader","Distortion","DisplacementShader","JiPi",""
"ttGyzG","hanker","Fbm Warp","Distortion","FbmWarp","JiPi",""
"3cSSRh","wyatt","Woven Elastic Simulation","Distortion","WovenElasticSimulation","JiPi","Windows only"
"Wl3fzM","mrange","Apollian with a twist","Fractals","ApollianWithATwist","nmbr73",""
"WdjBWc","gaz","EnergyPlant","Fractals","EnergyPlant","JiPi",""
"3lKcDV","gaz","Fractal03","Fractals","Fractal03","JiPi",""
"ttSBRm","gaz","FractalEngine","Fractals","FractalEngine","JiPi",""
"ttjBD1","gaz","FractalGutter","Fractals","FractalGutter","JiPi",""
"WlcczS","gaz","FractalRadioBase","Fractals","FractalRadioBase","JiPi",""
"MdB3DK","guil","Kali3D","Fractals","Kali3D","JiPi",""
"ldjGDw","Dave_Hoskins","Rendezvous","Fractals","Rendezvous","JiPi",""
"MtsBW8","dr2","BuoyantBalls","Misc","BuoyantBalls","JiPi",""
"NfVGzd","Espeset","Cartoon: La Linea Episode 10","Misc","CartoonLaLineaEpisode10","JiPi","Windows only"
"tdsBz4","izutionix","ComplementaryElements","Misc","Fire_Water","JiPi",""
"XsBXWt","Kali","Fractal Land","Misc","FractalLand","nmbr73",""
"tltSWr","harry7557558","IHeartFourier","Misc","IHeartFourier","JiPi",""
"XtBSzy","Gijs","Legofied","Misc","Legofied","JiPi",""
"l3B3WD","wyatt","Little Boxes","Misc","LittleBoxes","JiPi","Windows only"
"7tSSDD","xjorma","Mountains & Lakes","Misc","MountainsLakes","JiPi",""
"Ms2SD1","TDM","Seascape","Misc","Seascape","nmbr73",""
"4tBGRm","archee","True Pinball Physics","Misc","TruePinballPhysics","JiPi",""
"fXl3z4","noztol","Ditto","Monster","Ditto","JiPi","Windows only"
"sXf3DN","noztol","Dragonair","Monster","Dragonair","JiPi","Windows only"
"N3l3RN","noztol","Gastly","Monster","Gastly","JiPi","Windows only"
"fXfGW7","noztol","Geodude","Monster","Geodude","JiPi","Windows only"
"sXfGWj","noztol","Goldeen","Monster","Goldeen","JiPi","Thumbnail seems to be not a 320x180 pixel PNG"
"73l3zN","noztol","Grimer","Monster","Grimer","JiPi","Windows only"
"fXX3zX","noztol","Magnemite","Monster","Magnemite","JiPi","Windows only"
"NXX3RB","noztol","Oddish","Monster","Oddish","JiPi","Windows only"
"fXl3Wn","noztol","Poliwag","Monster","Poliwag","JiPi","Windows only"
"N3s3RN","noztol","Sad Voltorb","Monster","SadVoltorb","JiPi","Windows only"
"s3XGRX","noztol","Staryu","Monster","Staryu","JiPi","Windows only"
"73s3z7","noztol","Venonat","Monster","Venonat","JiPi","Windows only"
"wslGz7","wyatt","DancyTreeDoodle","Object","DancyTreeDoodle","JiPi",""
"4lVyzh","wyatt","DancyTreeDoodle3D","Object","DancyTreeDoodle3D","JiPi",""
"ttyfDV","sylvain69780","EggHunt","Object","EggHunt","JiPi",""
"XXKfDh","flockaroo","endless screw scroll genuary28","Object","EndlessScrewScrollGenuary28","JiPi","Windows only"
"4dtyz8","ChloeSnyder","HW3Swing","Object","HW3Swing","JiPi",""
"flyXRh","leon","happy bouncing","Object","HappyBouncing","JiPi",""
"wsKXDV","adurdin","HeavenAndHell","Object","HeavenAndHell","JiPi",""
"t3XGRN","misol101","Juggler (Retro Ball Objects)","Object","JugglerRetroBallObjects","JiPi","Windows only"
"M3yBDW","SL0ANE","La Ji","Object","LaJi","JiPi","Windows only"
"Xdl3Dj","morgan3d","Legos","Object","Legos","JiPi",""
"Mslczn","SudoNhim","LonelyVoxel","Object","LonelyVoxel","JiPi",""
"XtfXDN","Dave_Hoskins","Oblivion","Object","Oblivion","JiPi",""
"lt3cz7","Shane","Polyhedral Gears","Object","PolyhedralGears","JiPi",""
"WlsSWS","TLC123","ProceduralWalkAnimation","Object","ProceduralWalkAnimation","JiPi",""
"WsKSRK","fre3k","ShareX","Object","ShareX","JiPi",""
"t3tfD4","kaiavintr","Spot approximation","Object","SpotApproximation","JiPi","Windows only"
"Xl3XR4","xorxor","WalkingCubes","Object","WalkingCubes","JiPi",""
"4sdXzr","zackpudil","CrackerCars","Planet","CrackerCars","JiPi",""
"ls3SDj","zackpudil","EARF","Planet","EARF","JiPi",""
"MddSWB","LaBodilsen","Fake3DScene","Planet","Fake3DScene","JiPi",""
"MtGSzh","Lallis","MightyMorphingPowerSphere","Planet","MightyMorphingPowerSphere","JiPi",""
"XdjBDG","diroru","RayCastSphere","Planet","RayCastSphere","JiPi",""
"wttBzM","iapafoto","WildKifs4D","Planet","WildKifs4D","JiPi",""
"ldcSDB","cornusammonis","Anisotropic Blur Image Warp","Recursive","AnisotropicBlurImage","JiPi",""
"ldy3Rw","Emil","FallingCuteBombs","Recursive","FallingCuteBombs","JiPi",""
"ftSSDy","stb","GrowingWeatheringRocks","Recursive","GrowingWeatheringRocks","JiPi",""
"WlSGzy","TekF","LearningReactionDiffusion","Recursive","LearningReactionDiffusion","JiPi",""
"MsGSRd","flockaroo","spilled","Recursive","Spilled","JiPi",""
"4dBSDV","bytewave","The dark side of the moon","Recursive","TDSOTM_Nebula","JiPi",""
"XldSz7","gaz","Vine","Recursive","Vine","JiPi",""
"DdySzW","Plento","A circle a day","ShaderOfTheWeek","ACircleADay","JiPi",""
"7ljXWt","byt3_m3chanic","Abstract Truchet Inversion ","ShaderOfTheWeek","AbstractTruchetInversion","JiPi","Windows only"
"tttSW7","bad_dreams_","Abstract Wave Thing","ShaderOfTheWeek","AbstractWaveThing","JiPi","Windows only"
"ttyGzW","tmst","Alexander horned sphere zoom","ShaderOfTheWeek","AlexanderHornedSphereZoom","JiPi",""
"mdB3Rh","dean_the_coder","Alien Space Jockey","ShaderOfTheWeek","AlienSpaceJockey","JiPi","Windows only"
"X3ySRc","lz","Alien Tunnel","ShaderOfTheWeek","AlienTunnel","JiPi","Windows only"
"DltBRM","shau","Android Runtime","ShaderOfTheWeek","AndroidRuntime","JiPi","Windows only"
"7tfyRl","byt3_m3chanic","Audio Flight v2 (strobes)","ShaderOfTheWeek","AudioFlightv2","JiPi","Windows only"
"ds2fD1","misol101","Automata X Showcase 3x2 (3x3)","ShaderOfTheWeek","AutomataXShowcase3X23X3","JiPi","Windows only"
"mtXyD7","lamogui","bomlka","ShaderOfTheWeek","Bomlka","JiPi","Windows only"
"wtXBR4","iapafoto","Cartoon ride","ShaderOfTheWeek","CartoonRide","JiPi","Windows only"
"XcVyWD","Elsio","Cave Diving","ShaderOfTheWeek","CaveDiving","JiPi","Windows only"
"Ms2BRz","leon","Chain Spell","ShaderOfTheWeek","ChainSpell","JiPi","Windows only"
"33cGDj","mrange","Clearly a bug","ShaderOfTheWeek","ClearlyABug","JiPi","Windows only"
"ss3SD8","0b5vr","20210930_CLUB-CAVE-09","ShaderOfTheWeek","ClubCave09","JiPi",""
"fstyD4","bitless","Coastal Landscape","ShaderOfTheWeek","CoastalLandscape","JiPi",""
"7tfBzs","sinvec","Color processing","ShaderOfTheWeek","ColorProcessing","JiPi",""
"fsXyDj","dr2","Controllable Machinery","ShaderOfTheWeek","ControllableMachinery","JiPi",""
"XsXXDn","Danguafer","Creation by Silexars","ShaderOfTheWeek","CreationBySilexars","JiPi","Windows only"
"lcSGDD","FabriceNeyret2","cube wave 3","ShaderOfTheWeek","CubeWave3","JiPi","Windows only"
"fldXWS","Tater","Cubic Dispersal","ShaderOfTheWeek","CubicDispersal","JiPi",""
"tfK3Dy","mrange","4D Beats","ShaderOfTheWeek","D4DBeats","JiPi","Windows only"
"wlVSDK","BigWIngs","DangerNoodle","ShaderOfTheWeek","DangerNoodle","JiPi",""
"WcdczB","diatribes","Dark Transit","ShaderOfTheWeek","DarkTransit","JiPi","Windows only"
"tdXcWM","jeyko","Day94","ShaderOfTheWeek","Day94","JiPi",""
"3dVfDc","sylvain69780","Decorated Christmas Spiral","ShaderOfTheWeek","DecoratedChristmasSpiral","JiPi","Windows only"
"7cfGzn","workingclasshacker","Disco Sun Vortex","ShaderOfTheWeek","DiscoSunVortex","JiPi","Windows only"
"DtXfDr","supah","Discoteq 2","ShaderOfTheWeek","Discoteq2","JiPi","Windows only"
"DlyyWR","Kris_Katur","DULL SKULL","ShaderOfTheWeek","DullSkull","JiPi","Windows only"
"cdV3DW","mrange","Electric Eel Universe","ShaderOfTheWeek","ElectricEelUniverse","JiPi",""
"tljXWy","leon","Endless living creature","ShaderOfTheWeek","EndlessLivingCreature","JiPi","Windows only"
"csjGDD","Kali","[Inércia 2022] Energetic Flyby","ShaderOfTheWeek","Energeticflyby","JiPi","Windows only"
"NlsXDH","Kali","Exit the Matrix","ShaderOfTheWeek","ExitTheMatrix","JiPi","Windows only"
"dl2fzz","Shane","Extruded Bauhaus Truchet Pattern","ShaderOfTheWeek","ExtrudedBauhausTruchetPattern","JiPi","Windows only"
"sfVGDG","Shane","Extruded Fibonacci Zoom","ShaderOfTheWeek","ExtrudedFibonacciZoom","JiPi","Windows only"
"7stfzB","ChunderFPV","Eye of Phi","ShaderOfTheWeek","EyeOfPhi","JiPi","Windows only"
"M3sXDS","TheBen27","Fidget Cube","ShaderOfTheWeek","FidgetCube","JiPi","Windows only"
"ftGGDR","AntoineC","Fractal Gliding","ShaderOfTheWeek","FractalGliding","JiPi","Windows only"
"XsBXWt","Kali","Fractal Land","ShaderOfTheWeek","FractalXLandX","JiPi","Windows only"
"ttycWW","tdhooper","Fractured Orb","ShaderOfTheWeek","FracturedOrb","JiPi","Windows only"
"Xls3D2","Dave_Hoskins","Frozen wasteland","ShaderOfTheWeek","FrozenWasteland","JiPi","Windows only"
"XcXXzS","Kali","Full Spectrum Cyber","ShaderOfTheWeek","FullSpectrumCyber","JiPi","Windows only"
"wdScRd","julianlumia","Futuristic Tunnel","ShaderOfTheWeek","FuturisticTunnel","JiPi",""
"mds3DX","morisil","generative art deco 4","ShaderOfTheWeek","GenerativeArtDeco4","JiPi","Windows only"
"scS3Wy","Frostbyte_","Glass Origin","ShaderOfTheWeek","GlassOrigin","JiPi","Windows only"
"3XdXWX","etrujillo","Glassy with odd rotation","ShaderOfTheWeek","GlassyWithOddRotation","JiPi","Windows only"
"lXXcDM","yasuo","Graphic Design Experiment 17","ShaderOfTheWeek","GraphicDesignExperiment17","JiPi","Windows only"
"7dSGW1","Gallo","Green Field Diorama","ShaderOfTheWeek","GreenFieldDiorama","JiPi",""
"Mt33W2","Yusef28","Ground, Camera, Lighting, Helix","ShaderOfTheWeek","GroundCameraLightingHelix","JiPi","Windows only"
"lflcR8","pb","hex at you","ShaderOfTheWeek","HexAtYou","JiPi","Windows only"
"sltSR2","aiekick","HexaGold 2","ShaderOfTheWeek","Hexagold2","JiPi","Windows only"
"4cVfWG","byt3_m3chanic","Hexagon X5","ShaderOfTheWeek","HexagonX5","JiPi","Windows only"
"7tcGWB","Tater","HyperDough","ShaderOfTheWeek","HyperDough","JiPi",""
"NstSDs","neozhaoliang","Green Field Diorama","ShaderOfTheWeek","HyperbolicGroupLimitSet","JiPi",""
"ssBfz3","R3N","Infrastructure","ShaderOfTheWeek","Infrastructure","JiPi","Windows only"
"mtScRc","mrange","Inside the mandelbulb II","ShaderOfTheWeek","InsideTheMandelbulbIi","JiPi","Windows only"
"XcS3zK","liamegan","Inside the torus","ShaderOfTheWeek","InsideTheTorus","JiPi","Windows only"
"fdjfDc","ChunderFPV","Jeweled Vortex","ShaderOfTheWeek","JeweledVortex","JiPi","Windows only"
"3XdXRr","mrange","Just another cube","ShaderOfTheWeek","JustAnotherCube","JiPi","Windows only"
"XfyXRV","mrange","Let's self reflect","ShaderOfTheWeek","LetSSelfReflect","JiPi","Windows only"
"ttscWn","Shane","Mandelbrot Pattern Decoration","ShaderOfTheWeek","MandelbrotPatternDecoration","JiPi","Windows only"
"mslfR2","mrange","More cubes for the cube lovers","ShaderOfTheWeek","MoreCubesForTheCubeLovers","JiPi","Windows only"
"7sscW4","SnoopethDuckDuck","More Fractal Ropes","ShaderOfTheWeek","MoreFractalRopes","JiPi","Windows only"
"lX2GzD","mrange","MountainBytes: PPPP 4KiB Windows","ShaderOfTheWeek","MountainbytesPppp4KibWindows","JiPi","Windows only"
"mtl3RB","Infames","Fork Neon Tunne Infames 758","ShaderOfTheWeek","NeonTunne","JiPi","Windows only"
"7dyyRy","mrange","Neonwave sunrise","ShaderOfTheWeek","NeonwaveSunrise","JiPi","Windows only"
"X3cXDj","pb","nested octahedrons 2","ShaderOfTheWeek","NestedOctahedrons2","JiPi","Windows only"
"wtVyWK","blackle","Neural Stanford Bunny (5 kb)","ShaderOfTheWeek","NeuralStanfordBunny5Kb","JiPi","Windows only"
"tdyBR1","gaz","Night circuit","ShaderOfTheWeek","NightCircuit","JiPi","Windows only"
"wtlXRH","jackdavenport","NintendoSwitch","ShaderOfTheWeek","NintendoSwitch","JiPi",""
"3l3Bzl","NuSan","OMZG Shader Royale","ShaderOfTheWeek","OMZGShaderRoyale","JiPi","Windows only"
"fsXcR8","iapafoto","On the salt lake","ShaderOfTheWeek","OnTheSal","JiPi","Windows only"
"WlKXzm","otaviogood","Orbital Megastructure","ShaderOfTheWeek","OrbitalMegastructure","JiPi","Windows only"
"WtscW4","blackle","@Party Concert Visuals 2020","ShaderOfTheWeek","PartyConcertVisuals2020","JiPi",""
"WdBcRh","bpfarrell","Pig Squad 9 Year Anniversary","ShaderOfTheWeek","PigSquad","JiPi","Windows only"
"NdscDf","MinimilisticBits","Playing around shader","ShaderOfTheWeek","PlayingAroundShader","JiPi","Windows only"
"lffSRN","liamegan","Quanta half","ShaderOfTheWeek","QuantaHalf","JiPi","Windows only"
"MlSBDt","patu","RME4 - Crater","ShaderOfTheWeek","RME4Crater","JiPi",""
"NXf3Rf","gus78","Reactor de Núcleo de Cristal","ShaderOfTheWeek","ReactorDeNCleoDeCristal","JiPi","Windows only"
"tls3WB","ShnitzelKiller","Recursive Donut","ShaderOfTheWeek","RecursiveDonut","JiPi","Windows only"
"DdVSzR","dean_the_coder","RetroVision (Revision 2023)","ShaderOfTheWeek","RetrovisionRevision2023","JiPi","Windows only"
"3c2fz1","diatribes","Root Sanctum","ShaderOfTheWeek","RootSanctum","JiPi","Windows only"
"MfG3Ry","orblivius","Russian Roulette (Audio Viz)","ShaderOfTheWeek","RussianRouletteAudioViz","JiPi","Windows only"
"ftGfDK","mrange","Saturday cubism experiment","ShaderOfTheWeek","SaturdayCubismExperiment","JiPi","Windows only"
"43jXWt","mrange","Saturday weirdness","ShaderOfTheWeek","SaturdayWeirdness","JiPi","Windows only"
"4ctcRl","ChunderFPV","Segmented spiral whirlpool","ShaderOfTheWeek","SegmentedSpiralWhirlpool","JiPi","Windows only"
"flcSW2","drschizzo","simple refraction test","ShaderOfTheWeek","SimpleRefractionTest","JiPi","Windows only"
"NdKGWV","drschizzo","SimpleSphereRaymarching","ShaderOfTheWeek","SimpleSphereRaymarching","JiPi",""
"XsffWj","Shane","Simplex Truchet Tubing","ShaderOfTheWeek","SimplexTruchetTubing","JiPi","Windows only"
"3lyBDw","gaz","Something  227","ShaderOfTheWeek","Something227","JiPi","Windows only"
"MXS3zy","lz","Space At Home","ShaderOfTheWeek","SpaceAtHome","JiPi","Windows only"
"NlsBzn","A_Toaster","Space ship","ShaderOfTheWeek","SpaceShip","JiPi","Windows only"
"Ns3XWf","Tater","Spiraled Layers","ShaderOfTheWeek","SpiraledLayers","JiPi",""
"4tGfz3","kuvkar","StarGazingHippo","ShaderOfTheWeek","StarGazingHippo","JiPi","Windows only"
"lcjGWV","totetmatt","大龙猫 - Starfield","ShaderOfTheWeek","Starfield","JiPi","Windows only"
"MfjyWK","mrange","Starry planes","ShaderOfTheWeek","StarryPlanes","JiPi","Windows only"
"stBcW1","mrange","Stars and galaxy","ShaderOfTheWeek","StarsAndGalaxy","JiPi","Windows only"
"3fVyDw","Zerofile","STATION 17","ShaderOfTheWeek","Station17","JiPi","Windows only"
"DtdSz7","alro","STELLAR CLOUDS","ShaderOfTheWeek","StellarClouds","JiPi","Windows only"
"7tKGRc","gelami","Straight Flagstone Tiles","ShaderOfTheWeek","StraightFlagstoneTiles","JiPi","Windows only"
"NddSWs","leon","Taste Of Noise 7","ShaderOfTheWeek","TasteOfNoise7","JiPi",""
"NsdXDs","Xor","Terraform","ShaderOfTheWeek","Terraform","JiPi","Windows only"
"NtByzD","Hyeve","The Tetris Dimension","ShaderOfTheWeek","TheTetrisDimension","JiPi","Windows only"
"DlKBDh","_pwd_","Tiny Hideout","ShaderOfTheWeek","TinyHideout","JiPi","Windows only"
"tXtyW8","tubeman","tm gyroid 2","ShaderOfTheWeek","TmGyroid2","JiPi","Windows only"
"NsdXzf","Flopine","Torus Hive","ShaderOfTheWeek","TorusHive","JiPi","Windows only"
"WfcGWj","mrange","Trailing the Twinkling Tunnel ..","ShaderOfTheWeek","TrailingTheTwinklingTunnel","JiPi","Windows only"
"fslcDS","Tater","Trippy Triangle","ShaderOfTheWeek","TrippyTriangle","JiPi","Windows only"
"7lKSWW","mrange","Truchet + Kaleidoscope FTW","ShaderOfTheWeek","TruchetKaleidoscopeFTW","JiPi","Windows only"
"sltGRj","SnoopethDuckDuck","Twizzly Circle Mess","ShaderOfTheWeek","TwizzlyCircleMess","JiPi","Windows only"
"WlXXDH","fizzer","Undulating Columns","ShaderOfTheWeek","UndulatingColumns","JiPi","Windows only"
"332XWd","ChunderFPV","Undulating Urchin","ShaderOfTheWeek","UndulatingUrchin","JiPi","Windows only"
"NflSD8","OldEclipse","Unimagined","ShaderOfTheWeek","Unimagined","JiPi","Windows only"
"wtlfz8","julianlumia","Unstable Universe","ShaderOfTheWeek","UnstableUniverse","JiPi","Windows only"
"NddGzH","byt3_m3chanic","UV Mapping Truchet Tiles","ShaderOfTheWeek","UvMappingTruchetTiles","JiPi","Windows only"
"msjGzw","XT95","Walk Like an Egyptian","ShaderOfTheWeek","WalkLikeAnEgyptian","JiPi","Windows only"
"NtcyDn","mrange","Wednesday messing around","ShaderOfTheWeek","WednesdayMessingAround","JiPi","Windows only"
"4ccfRn","byt3_m3chanic","Weird Truchet | New Keyboard","ShaderOfTheWeek","WeirdTruchetNewKeyboard","JiPi","Windows only"
"WtXcWB","blackle","Whack-A-Mole Pistons","ShaderOfTheWeek","WhackAMolePistons","JiPi","Windows only"
"dtGGWw","byt3_m3chanic","Year of Truchets #022","ShaderOfTheWeek","YearOfTruchets022","JiPi","Windows only"
"sldGRS","dspindler","yee1212","ShaderOfTheWeek","Yee1212","JiPi","Windows only"
"XXyGzh","SnoopethDuckDuck","Zippy Zaps","ShaderOfTheWeek","ZippyZaps","JiPi","Windows only"
"wdjSRc","spsherk_","craziness","Simple","Crazyness","nmbr73",""
"XtGfzw","iq","Cross - distance","Simple","CrossDistance","nmbr73",""
"lljSDy","FabriceNeyret2","quadtree 3","Simple","Quadtree3","nmbr73",""
"Ms3SzB","FabriceNeyret2","rosace 3c","Simple","Rosace3C","nmbr73",""
"stjSRV","conceptblend","Shattered light","Simple","ShatteredLight","nmbr73",""
"WlsSzM","104","Stained Lights","Simple","StainedLights","nmbr73",""
"XsX3z8","XT95","Video filters","Simple","VideoFilters","nmbr73",""
"3ddXR4","shau","Alas, poor Yorick!","Skulls","AlasPoorYorick","JiPi","Windows only"
"DlyyWR","Kris_Katur","DULL SKULL","Skulls","DullSkull","JiPi","Windows only"
"lXSBzV","Kris_Katur","DULL SKULL - Brained","Skulls","DullSkullBrained","JiPi","Windows only"
"3cl3WB","Kris_Katur","DULL SKULL - Bumped","Skulls","DullSkullBumped","JiPi","Windows only"
"4XsfDs","Kris_Katur","DULL SKULL - Prologue","Skulls","DullSkullPrologue","JiPi","Windows only"
"wcjGRW","Kris_Katur","DULL SKULL - Reflected","Skulls","DullSkullReflected","JiPi","Windows only"
"lcdcDH","Spectraledge","DULL Speed SKULL","Skulls","DullSpeedSkull","JiPi","Windows only"
"3XB3RW","Frostbyte_","Fork DULL SKULL frostbyte_ 591","Skulls","ForkDullSkullFrostbyte591","JiPi","Windows only"
"Mlfyz4","duvengar","Lost_Astronaut","Skulls","LostAstronaut","JiPi","Windows only"
"3tGSDz","monsterkodi","skully","Skulls","Skully","JiPi","Windows only"
"ftS3zG","Yusef28","The Dark Mark [HP]","Skulls","TheDarkMarkHp","JiPi","Windows only"
"4s3XDn","Andre","Shadertext","Text","Shadertext","nmbr73",""
"lf3fWf","wyatt"," Billboard Tunnel","Tunnel","BillboardTunnel","JiPi","Windows only"
"wflGWj","diatribes","Crystal Cave 🔮","Tunnel","CrystalCave","JiPi","Windows only"
"4s3SRN","Shane","FractalFlythrough","Tunnel","FractalFlythrough","JiPi",""
"3cdBWl","RedKef","Industrial Complex + FPS Control","Tunnel","IndustrialComplexFpsControl","JiPi","Windows only"
"XsKcDG","hisojarvi","Try not to hit the walls","Tunnel","TNTHTW","JiPi",""
"tc2cWh","OldEclipse","Tiled Gilded Rainbow Tunnel","Tunnel","TiledGildedRainbowTunnel","JiPi","Windows only"
"MfVfz3","totetmatt","大龙猫 - Tunnel Cable","Tunnel","TunnelCable","JiPi","Windows only"
"w3KGRK","nocrex","Tunnel of Lights","Tunnel","TunnelOfLights","JiPi","Windows only"
"lsdXD8","zackpudil","Velocibox","Tunnel","Velocibox","nmbr73",""
"4scXzn","Shane","WindingMengerTunnel","Tunnel","WindingMengerTunnel","JiPi",""
"ctd3Rl","mrange","AI not included","Wedding","AiNotIncluded","JiPi",""
"XsVGzK","RobotPenguin","HappyValentinesDay","Wedding","HappyValentinesDay","JiPi","Windows only"
"lts3RX","mattz","heart u 2015","Wedding","HeartU2015","JiPi","Windows only"
"wttXD7","17dpn01","Heart Demo","Wedding","Heartdemo","JiPi",""
"fsjyR3","wyatt","Lover","Wedding","Lover","JiPi","Windows only"
"ltdfR7","PianiGiani","Nematomorpha","Wedding","Nematomorpha","JiPi","Windows only"
"fsffW4","Mipmap","Valentwine","Wedding","Valentwine","JiPi","Windows only"
